condition,seed,n_tasks,total_samples,mae_frequency,max_abs_frequency_error,spearman_intended_realized
baseline,0,25,250112,0.00019636906848515573,0.0006054662138722,1.0
baseline,1,25,250112,0.00024247535490367733,0.0007173477655104,1.0
baseline,2,25,250112,0.0002444123375415415,0.0006024387363232,1.0
baseline,3,25,250112,0.00026446558953729113,0.0009048859822028,1.0
baseline,4,25,250112,0.00037534119799905114,0.0015409787788164,1.0
