degree,n,mean_final_metric,mean_final_loss
2.0,60,0.6978854905464686,0.4433762377640837
3.0,60,0.5080859309930627,0.6900596442321937
