condition,seed,component,target_task,component_target_grad_cosine,component_target_cka
baseline,0,A_bit0,AB_and,0.2991846474649744,0.9712762832641602
baseline,0,A_bit0,AC_xor,0.2513139814808315,0.9637790322303772
upweight_A,0,A_bit0,AB_and,0.2244845442178828,0.9669189453125
upweight_A,0,A_bit0,AC_xor,0.1744297194360552,0.9640313982963562
upweight_U_matched,0,A_bit0,AB_and,0.310388648149601,0.9696844220161438
upweight_U_matched,0,A_bit0,AC_xor,0.2416284569205189,0.9628435969352722
